<?xml version="1.0" encoding="utf-8" standalone="yes"?>
<rss version="2.0" xmlns:atom="http://www.w3.org/2005/Atom">
  <channel>
    <title>Posts on My New Site</title>
    <link>https://truongthanhinfo.github.io/posts/</link>
    <description>Recent content in Posts on My New Site</description>
    <generator>Hugo -- gohugo.io</generator>
    <language>en-us</language>
    <lastBuildDate>Fri, 17 Nov 2023 12:52:43 +0700</lastBuildDate><atom:link href="https://truongthanhinfo.github.io/posts/index.xml" rel="self" type="application/rss+xml" />
    <item>
      <title>My First Post</title>
      <link>https://truongthanhinfo.github.io/posts/my-first-post-sao-ch%C3%A9p-10/</link>
      <pubDate>Fri, 17 Nov 2023 12:52:43 +0700</pubDate>
      
      <guid>https://truongthanhinfo.github.io/posts/my-first-post-sao-ch%C3%A9p-10/</guid>
      <description>
        
          
          
        
      </description>
    </item>
    
    <item>
      <title>My First Post</title>
      <link>https://truongthanhinfo.github.io/posts/my-first-post-sao-ch%C3%A9p-11/</link>
      <pubDate>Fri, 17 Nov 2023 12:52:43 +0700</pubDate>
      
      <guid>https://truongthanhinfo.github.io/posts/my-first-post-sao-ch%C3%A9p-11/</guid>
      <description>
        
          
          
        
      </description>
    </item>
    
    <item>
      <title>My First Post</title>
      <link>https://truongthanhinfo.github.io/posts/my-first-post-sao-ch%C3%A9p-12/</link>
      <pubDate>Fri, 17 Nov 2023 12:52:43 +0700</pubDate>
      
      <guid>https://truongthanhinfo.github.io/posts/my-first-post-sao-ch%C3%A9p-12/</guid>
      <description>
        
          
          
        
      </description>
    </item>
    
    <item>
      <title>My First Post</title>
      <link>https://truongthanhinfo.github.io/posts/my-first-post-sao-ch%C3%A9p-2/</link>
      <pubDate>Fri, 17 Nov 2023 12:52:43 +0700</pubDate>
      
      <guid>https://truongthanhinfo.github.io/posts/my-first-post-sao-ch%C3%A9p-2/</guid>
      <description>
        
          
          
        
      </description>
    </item>
    
    <item>
      <title>My First Post</title>
      <link>https://truongthanhinfo.github.io/posts/my-first-post-sao-ch%C3%A9p-3/</link>
      <pubDate>Fri, 17 Nov 2023 12:52:43 +0700</pubDate>
      
      <guid>https://truongthanhinfo.github.io/posts/my-first-post-sao-ch%C3%A9p-3/</guid>
      <description>
        
          
          
        
      </description>
    </item>
    
    <item>
      <title>My First Post</title>
      <link>https://truongthanhinfo.github.io/posts/my-first-post-sao-ch%C3%A9p-4/</link>
      <pubDate>Fri, 17 Nov 2023 12:52:43 +0700</pubDate>
      
      <guid>https://truongthanhinfo.github.io/posts/my-first-post-sao-ch%C3%A9p-4/</guid>
      <description>
        
          
          
        
      </description>
    </item>
    
    <item>
      <title>My First Post</title>
      <link>https://truongthanhinfo.github.io/posts/my-first-post-sao-ch%C3%A9p-5/</link>
      <pubDate>Fri, 17 Nov 2023 12:52:43 +0700</pubDate>
      
      <guid>https://truongthanhinfo.github.io/posts/my-first-post-sao-ch%C3%A9p-5/</guid>
      <description>
        
          
          
        
      </description>
    </item>
    
    <item>
      <title>My First Post</title>
      <link>https://truongthanhinfo.github.io/posts/my-first-post-sao-ch%C3%A9p-6/</link>
      <pubDate>Fri, 17 Nov 2023 12:52:43 +0700</pubDate>
      
      <guid>https://truongthanhinfo.github.io/posts/my-first-post-sao-ch%C3%A9p-6/</guid>
      <description>
        
          
          
        
      </description>
    </item>
    
    <item>
      <title>My First Post</title>
      <link>https://truongthanhinfo.github.io/posts/my-first-post-sao-ch%C3%A9p-7/</link>
      <pubDate>Fri, 17 Nov 2023 12:52:43 +0700</pubDate>
      
      <guid>https://truongthanhinfo.github.io/posts/my-first-post-sao-ch%C3%A9p-7/</guid>
      <description>
        
          
          
        
      </description>
    </item>
    
    <item>
      <title>My First Post</title>
      <link>https://truongthanhinfo.github.io/posts/my-first-post-sao-ch%C3%A9p-8/</link>
      <pubDate>Fri, 17 Nov 2023 12:52:43 +0700</pubDate>
      
      <guid>https://truongthanhinfo.github.io/posts/my-first-post-sao-ch%C3%A9p-8/</guid>
      <description>
        
          
          
        
      </description>
    </item>
    
    <item>
      <title>My First Post</title>
      <link>https://truongthanhinfo.github.io/posts/my-first-post-sao-ch%C3%A9p-9/</link>
      <pubDate>Fri, 17 Nov 2023 12:52:43 +0700</pubDate>
      
      <guid>https://truongthanhinfo.github.io/posts/my-first-post-sao-ch%C3%A9p-9/</guid>
      <description>
        
          
          
        
      </description>
    </item>
    
    <item>
      <title>My First Post</title>
      <link>https://truongthanhinfo.github.io/posts/my-first-post-sao-ch%C3%A9p/</link>
      <pubDate>Fri, 17 Nov 2023 12:52:43 +0700</pubDate>
      
      <guid>https://truongthanhinfo.github.io/posts/my-first-post-sao-ch%C3%A9p/</guid>
      <description>
        
          
          
        
      </description>
    </item>
    
    <item>
      <title>My First Post</title>
      <link>https://truongthanhinfo.github.io/posts/my-first-post/</link>
      <pubDate>Fri, 17 Nov 2023 12:52:43 +0700</pubDate>
      
      <guid>https://truongthanhinfo.github.io/posts/my-first-post/</guid>
      <description>
        
          
          
        
      </description>
    </item>
    
    <item>
      <title>My First Post Test</title>
      <link>https://truongthanhinfo.github.io/posts/my-first-post-test/</link>
      <pubDate>Fri, 17 Nov 2023 12:52:43 +0700</pubDate>
      
      <guid>https://truongthanhinfo.github.io/posts/my-first-post-test/</guid>
      <description>
        
          
          
        
      </description>
    </item>
    
  </channel>
</rss>
